<?xml version="1.0"?>

<!DOCTYPE MODE SYSTEM "xmode.dtd">

<!--
	19.03.2005 - A. Gleichmann
	Added the AutoHotkeys Command
	this file is based on the  JEdit batch.xml mode.
-->

<!-- The keywords and functions here defined are those of AutoHotkey Programm
JEdit keyword syntax file for AutoHotkey
Auto generated by A. Gleichmanns JEdit Syntax Generator Script

-->
<MODE>
	<PROPS>
		<PROPERTY NAME="lineComment" VALUE=";" />
		<PROPERTY NAME="wordBreakChars" VALUE=",+-=&lt;&gt;/?^&amp;*" />
		<PROPERTY NAME="indentOpenBrackets" VALUE="{" />
		<PROPERTY NAME="indentCloseBrackets" VALUE="}" />
		<PROPERTY NAME="doubleBracketIndent" VALUE="false" />
		<PROPERTY NAME="lineUpClosingBracket" VALUE="true" />
	</PROPS>
	<RULES ESCAPE="`" IGNORE_CASE="TRUE" HIGHLIGHT_DIGITS="TRUE" DIGIT_RE="(0x[[:xdigit:]]+[lL]?|[[:digit:]]+(e[[:digit:]]*)?[lLdDfF]?)">
		<EOL_SPAN TYPE="COMMENT1">;</EOL_SPAN>
		<!-- Comparison operators -->
		<SEQ TYPE="OPERATOR">&lt;</SEQ>
		<SEQ TYPE="OPERATOR">&lt;=</SEQ>
		<SEQ TYPE="OPERATOR">&gt;=</SEQ>
		<SEQ TYPE="OPERATOR">&gt;</SEQ>
		<SEQ TYPE="OPERATOR">=</SEQ>
		<SEQ TYPE="OPERATOR">&lt;&gt;</SEQ>
		<!-- Arithmetic operators -->
		<SEQ TYPE="OPERATOR">+</SEQ>
		<SEQ TYPE="OPERATOR">-</SEQ>
		<SEQ TYPE="OPERATOR">*</SEQ>
		<SEQ TYPE="OPERATOR">/</SEQ>
		<SEQ TYPE="OPERATOR">\</SEQ>
		<SEQ TYPE="OPERATOR">:=</SEQ>
		<MARK_PREVIOUS AT_WHITESPACE_END="TRUE" EXCLUDE_MATCH="TRUE" TYPE="LABEL">:</MARK_PREVIOUS>
		<MARK_PREVIOUS AT_WHITESPACE_END="TRUE" EXCLUDE_MATCH="TRUE" TYPE="LABEL">::</MARK_PREVIOUS>


		<KEYWORDS>
			<KEYWORD1>#AllowSameLineComments</KEYWORD1>
			<KEYWORD1>#ClipboardTimeout</KEYWORD1>
			<KEYWORD1>#CommentFlag</KEYWORD1>
			<KEYWORD1>#ErrorStdOut</KEYWORD1>
			<KEYWORD1>#EscapeChar</KEYWORD1>
			<KEYWORD1>#HotkeyInterval</KEYWORD1>
			<KEYWORD1>#HotkeyModifierTimeout</KEYWORD1>
			<KEYWORD1>#Hotstring</KEYWORD1>
			<KEYWORD1>#IfWinActive</KEYWORD1>
			<KEYWORD1>#IfWinExist</KEYWORD1>
			<KEYWORD1>#IfWinNotActive</KEYWORD1>
			<KEYWORD1>#IfWinNotExist</KEYWORD1>
			<KEYWORD1>#Include</KEYWORD1>
			<KEYWORD1>#IncludeAgain</KEYWORD1>
			<KEYWORD1>#InstallKeybdHook</KEYWORD1>
			<KEYWORD1>#InstallMouseHook</KEYWORD1>
			<KEYWORD1>#KeyHistory</KEYWORD1>
			<KEYWORD1>#LTrim</KEYWORD1>
			<KEYWORD1>#MaxHotkeysPerInterval</KEYWORD1>
			<KEYWORD1>#MaxMem</KEYWORD1>
			<KEYWORD1>#MaxThreads</KEYWORD1>
			<KEYWORD1>#MaxThreadsBuffer</KEYWORD1>
			<KEYWORD1>#MaxThreadsPerHotkey</KEYWORD1>
			<KEYWORD1>#NoEnv</KEYWORD1>
			<KEYWORD1>#NoTrayIcon</KEYWORD1>
			<KEYWORD1>#Persistent</KEYWORD1>
			<KEYWORD1>#SingleInstance</KEYWORD1>
			<KEYWORD1>#UseHook</KEYWORD1>
			<KEYWORD1>#WinActivateForce</KEYWORD1>
			<KEYWORD1>AutoTrim</KEYWORD1>
			<KEYWORD1>BlockInput</KEYWORD1>
			<KEYWORD1>Break</KEYWORD1>
			<KEYWORD1>Click</KEYWORD1>
			<KEYWORD1>ClipWait</KEYWORD1>
			<KEYWORD1>Continue</KEYWORD1>
			<KEYWORD1>Control</KEYWORD1>
			<KEYWORD1>ControlClick</KEYWORD1>
			<KEYWORD1>ControlFocus</KEYWORD1>
			<KEYWORD1>ControlGet</KEYWORD1>
			<KEYWORD1>ControlGetFocus</KEYWORD1>
			<KEYWORD1>ControlGetPos</KEYWORD1>
			<KEYWORD1>ControlGetText</KEYWORD1>
			<KEYWORD1>ControlMove</KEYWORD1>
			<KEYWORD1>ControlSend</KEYWORD1>
			<KEYWORD1>ControlSendRaw</KEYWORD1>
			<KEYWORD1>ControlSetText</KEYWORD1>
			<KEYWORD1>CoordMode</KEYWORD1>
			<KEYWORD1>Critical</KEYWORD1>
			<KEYWORD1>DetectHiddenText</KEYWORD1>
			<KEYWORD1>DetectHiddenWindows</KEYWORD1>
			<KEYWORD1>Drive</KEYWORD1>
			<KEYWORD1>DriveGet</KEYWORD1>
			<KEYWORD1>DriveSpaceFree</KEYWORD1>
			<KEYWORD1>Edit</KEYWORD1>
			<KEYWORD1>Else</KEYWORD1>
			<KEYWORD1>EnvAdd</KEYWORD1>
			<KEYWORD1>EnvDiv</KEYWORD1>
			<KEYWORD1>EnvGet</KEYWORD1>
			<KEYWORD1>EnvMult</KEYWORD1>
			<KEYWORD1>EnvSet</KEYWORD1>
			<KEYWORD1>EnvSub</KEYWORD1>
			<KEYWORD1>EnvUpdate</KEYWORD1>
			<KEYWORD1>Exit</KEYWORD1>
			<KEYWORD1>ExitApp</KEYWORD1>
			<KEYWORD1>FileAppend</KEYWORD1>
			<KEYWORD1>FileCopy</KEYWORD1>
			<KEYWORD1>FileCopyDir</KEYWORD1>
			<KEYWORD1>FileCreateDir</KEYWORD1>
			<KEYWORD1>FileCreateShortcut</KEYWORD1>
			<KEYWORD1>FileDelete</KEYWORD1>
			<KEYWORD1>FileGetAttrib</KEYWORD1>
			<KEYWORD1>FileGetShortcut</KEYWORD1>
			<KEYWORD1>FileGetSize</KEYWORD1>
			<KEYWORD1>FileGetTime</KEYWORD1>
			<KEYWORD1>FileGetVersion</KEYWORD1>
			<KEYWORD1>FileInstall</KEYWORD1>
			<KEYWORD1>FileMove</KEYWORD1>
			<KEYWORD1>FileMoveDir</KEYWORD1>
			<KEYWORD1>FileRead</KEYWORD1>
			<KEYWORD1>FileReadLine</KEYWORD1>
			<KEYWORD1>FileRecycle</KEYWORD1>
			<KEYWORD1>FileRecycleEmpty</KEYWORD1>
			<KEYWORD1>FileRemoveDir</KEYWORD1>
			<KEYWORD1>FileSelectFile</KEYWORD1>
			<KEYWORD1>FileSelectFolder</KEYWORD1>
			<KEYWORD1>FileSetAttrib</KEYWORD1>
			<KEYWORD1>FileSetTime</KEYWORD1>
			<KEYWORD1>FormatTime</KEYWORD1>
			<KEYWORD1>GetKeyState</KEYWORD1>
			<KEYWORD1>Gosub</KEYWORD1>
			<KEYWORD1>Goto</KEYWORD1>
			<KEYWORD1>GroupActivate</KEYWORD1>
			<KEYWORD1>GroupAdd</KEYWORD1>
			<KEYWORD1>GroupClose</KEYWORD1>
			<KEYWORD1>GroupDeactivate</KEYWORD1>
			<KEYWORD1>Gui</KEYWORD1>
			<KEYWORD1>GuiControl</KEYWORD1>
			<KEYWORD1>GuiControlGet</KEYWORD1>
			<KEYWORD1>Hotkey</KEYWORD1>
			<KEYWORD1>If</KEYWORD1>
			<KEYWORD1>IfEqual</KEYWORD1>
			<KEYWORD1>IfExist</KEYWORD1>
			<KEYWORD1>IfGreater</KEYWORD1>
			<KEYWORD1>IfGreaterOrEqual</KEYWORD1>
			<KEYWORD1>IfInString</KEYWORD1>
			<KEYWORD1>IfLess</KEYWORD1>
			<KEYWORD1>IfLessOrEqual</KEYWORD1>
			<KEYWORD1>IfMsgBox</KEYWORD1>
			<KEYWORD1>IfNotEqual</KEYWORD1>
			<KEYWORD1>IfNotExist</KEYWORD1>
			<KEYWORD1>IfNotInString</KEYWORD1>
			<KEYWORD1>IfWinActive</KEYWORD1>
			<KEYWORD1>IfWinExist</KEYWORD1>
			<KEYWORD1>IfWinNotActive</KEYWORD1>
			<KEYWORD1>IfWinNotExist</KEYWORD1>
			<KEYWORD1>ImageSearch</KEYWORD1>
			<KEYWORD1>IniDelete</KEYWORD1>
			<KEYWORD1>IniRead</KEYWORD1>
			<KEYWORD1>IniWrite</KEYWORD1>
			<KEYWORD1>Input</KEYWORD1>
			<KEYWORD1>InputBox</KEYWORD1>
			<KEYWORD1>KeyHistory</KEYWORD1>
			<KEYWORD1>KeyWait</KEYWORD1>
			<KEYWORD1>ListHotkeys</KEYWORD1>
			<KEYWORD1>ListLines</KEYWORD1>
			<KEYWORD1>ListVars</KEYWORD1>
			<KEYWORD1>Loop</KEYWORD1>
			<KEYWORD1>Menu</KEYWORD1>
			<KEYWORD1>MouseClick</KEYWORD1>
			<KEYWORD1>MouseClickDrag</KEYWORD1>
			<KEYWORD1>MouseGetPos</KEYWORD1>
			<KEYWORD1>MouseMove</KEYWORD1>
			<KEYWORD1>MsgBox</KEYWORD1>
			<KEYWORD1>OnExit</KEYWORD1>
			<KEYWORD1>OutputDebug</KEYWORD1>
			<KEYWORD1>Pause</KEYWORD1>
			<KEYWORD1>PixelGetColor</KEYWORD1>
			<KEYWORD1>PixelSearch</KEYWORD1>
			<KEYWORD1>PostMessage</KEYWORD1>
			<KEYWORD1>Process</KEYWORD1>
			<KEYWORD1>Progress</KEYWORD1>
			<KEYWORD1>Random</KEYWORD1>
			<KEYWORD1>RegDelete</KEYWORD1>
			<KEYWORD1>RegRead</KEYWORD1>
			<KEYWORD1>RegWrite</KEYWORD1>
			<KEYWORD1>Reload</KEYWORD1>
			<KEYWORD1>Repeat</KEYWORD1>
			<KEYWORD1>Return</KEYWORD1>
			<KEYWORD1>Run</KEYWORD1>
			<KEYWORD1>RunAs</KEYWORD1>
			<KEYWORD1>RunWait</KEYWORD1>
			<KEYWORD1>Send</KEYWORD1>
			<KEYWORD1>SendEvent</KEYWORD1>
			<KEYWORD1>SendInput</KEYWORD1>
			<KEYWORD1>SendMessage</KEYWORD1>
			<KEYWORD1>SendMode</KEYWORD1>
			<KEYWORD1>SendPlay</KEYWORD1>
			<KEYWORD1>SendRaw</KEYWORD1>
			<KEYWORD1>SetBatchLines</KEYWORD1>
			<KEYWORD1>SetCapslockState</KEYWORD1>
			<KEYWORD1>SetControlDelay</KEYWORD1>
			<KEYWORD1>SetDefaultMouseSpeed</KEYWORD1>
			<KEYWORD1>SetEnv</KEYWORD1>
			<KEYWORD1>SetFormat</KEYWORD1>
			<KEYWORD1>SetKeyDelay</KEYWORD1>
			<KEYWORD1>SetMouseDelay</KEYWORD1>
			<KEYWORD1>SetNumlockState</KEYWORD1>
			<KEYWORD1>SetScrollLockState</KEYWORD1>
			<KEYWORD1>SetStoreCapslockMode</KEYWORD1>
			<KEYWORD1>SetTimer</KEYWORD1>
			<KEYWORD1>SetTitleMatchMode</KEYWORD1>
			<KEYWORD1>SetWinDelay</KEYWORD1>
			<KEYWORD1>SetWorkingDir</KEYWORD1>
			<KEYWORD1>Shutdown</KEYWORD1>
			<KEYWORD1>Sleep</KEYWORD1>
			<KEYWORD1>Sort</KEYWORD1>
			<KEYWORD1>SoundBeep</KEYWORD1>
			<KEYWORD1>SoundGet</KEYWORD1>
			<KEYWORD1>SoundGetWaveVolume</KEYWORD1>
			<KEYWORD1>SoundPlay</KEYWORD1>
			<KEYWORD1>SoundSet</KEYWORD1>
			<KEYWORD1>SoundSetWaveVolume</KEYWORD1>
			<KEYWORD1>SplashImage</KEYWORD1>
			<KEYWORD1>SplashTextOff</KEYWORD1>
			<KEYWORD1>SplashTextOn</KEYWORD1>
			<KEYWORD1>SplitPath</KEYWORD1>
			<KEYWORD1>StatusBarGetText</KEYWORD1>
			<KEYWORD1>StatusBarWait</KEYWORD1>
			<KEYWORD1>StringCaseSense</KEYWORD1>
			<KEYWORD1>StringGetPos</KEYWORD1>
			<KEYWORD1>StringLeft</KEYWORD1>
			<KEYWORD1>StringLen</KEYWORD1>
			<KEYWORD1>StringLower</KEYWORD1>
			<KEYWORD1>StringMid</KEYWORD1>
			<KEYWORD1>StringReplace</KEYWORD1>
			<KEYWORD1>StringRight</KEYWORD1>
			<KEYWORD1>StringSplit</KEYWORD1>
			<KEYWORD1>StringTrimLeft</KEYWORD1>
			<KEYWORD1>StringTrimRight</KEYWORD1>
			<KEYWORD1>StringUpper</KEYWORD1>
			<KEYWORD1>Suspend</KEYWORD1>
			<KEYWORD1>SysGet</KEYWORD1>
			<KEYWORD1>Thread</KEYWORD1>
			<KEYWORD1>ToolTip</KEYWORD1>
			<KEYWORD1>Transform</KEYWORD1>
			<KEYWORD1>TrayTip</KEYWORD1>
			<KEYWORD1>URLDownloadToFile</KEYWORD1>
			<KEYWORD1>WinActivate</KEYWORD1>
			<KEYWORD1>WinActivateBottom</KEYWORD1>
			<KEYWORD1>WinClose</KEYWORD1>
			<KEYWORD1>WinGet</KEYWORD1>
			<KEYWORD1>WinGetActiveStats</KEYWORD1>
			<KEYWORD1>WinGetActiveTitle</KEYWORD1>
			<KEYWORD1>WinGetClass</KEYWORD1>
			<KEYWORD1>WinGetPos</KEYWORD1>
			<KEYWORD1>WinGetText</KEYWORD1>
			<KEYWORD1>WinGetTitle</KEYWORD1>
			<KEYWORD1>WinHide</KEYWORD1>
			<KEYWORD1>WinKill</KEYWORD1>
			<KEYWORD1>WinMaximize</KEYWORD1>
			<KEYWORD1>WinMenuSelectItem</KEYWORD1>
			<KEYWORD1>WinMinimize</KEYWORD1>
			<KEYWORD1>WinMinimizeAll</KEYWORD1>
			<KEYWORD1>WinMinimizeAllUndo</KEYWORD1>
			<KEYWORD1>WinMove</KEYWORD1>
			<KEYWORD1>WinRestore</KEYWORD1>
			<KEYWORD1>WinSet</KEYWORD1>
			<KEYWORD1>WinSetTitle</KEYWORD1>
			<KEYWORD1>WinShow</KEYWORD1>
			<KEYWORD1>WinWait</KEYWORD1>
			<KEYWORD1>WinWaitActive</KEYWORD1>
			<KEYWORD1>WinWaitClose</KEYWORD1>
			<KEYWORD1>WinWaitNotActive</KEYWORD1>


			<!-- ; Used with CoordMode or PixelXXX commands:  -->
			<KEYWORD2>Pixel</KEYWORD2>
			<KEYWORD2>Mouse</KEYWORD2>
			<KEYWORD2>Screen</KEYWORD2>
			<KEYWORD2>Relative</KEYWORD2>
			<KEYWORD2>RGB</KEYWORD2>
			<!-- ; Continuation sections:  -->
			<KEYWORD2>LTrim</KEYWORD2>
			<KEYWORD2>RTrim</KEYWORD2>
			<KEYWORD2>Join</KEYWORD2>
			<!-- ; Priority of processes  -->
			<KEYWORD2>Low</KEYWORD2>
			<KEYWORD2>BelowNormal</KEYWORD2>
			<KEYWORD2>Normal</KEYWORD2>
			<KEYWORD2>AboveNormal</KEYWORD2>
			<KEYWORD2>High</KEYWORD2>
			<KEYWORD2>Realtime</KEYWORD2>
			<!-- ; Keywords inside the WinTitle parameter of various commands:  -->
			<KEYWORD2>ahk_id</KEYWORD2>
			<KEYWORD2>ahk_pid</KEYWORD2>
			<KEYWORD2>ahk_class</KEYWORD2>
			<KEYWORD2>ahk_group</KEYWORD2>
			<!-- ; Used with SetFormat and/or "if Var is [not] type" & BETWEEN/IN  -->
			<KEYWORD2>Between</KEYWORD2>
			<KEYWORD2>Contains</KEYWORD2>
			<KEYWORD2>In</KEYWORD2>
			<KEYWORD2>Is</KEYWORD2>
			<KEYWORD2>Integer</KEYWORD2>
			<KEYWORD2>Float</KEYWORD2>
			<KEYWORD2>Number</KEYWORD2>
			<KEYWORD2>Digit</KEYWORD2>
			<KEYWORD2>Xdigit</KEYWORD2>
			<KEYWORD2>Alpha</KEYWORD2>
			<KEYWORD2>Upper</KEYWORD2>
			<KEYWORD2>Lower</KEYWORD2>
			<KEYWORD2>Alnum</KEYWORD2>
			<KEYWORD2>Time</KEYWORD2>
			<KEYWORD2>Date</KEYWORD2>
			<!-- ; Omitted because it's a key name too: SPACE  -->
			<!-- ; Expression keywords:  -->
			<KEYWORD2>Not</KEYWORD2>
			<KEYWORD2>Or</KEYWORD2>
			<KEYWORD2>And</KEYWORD2>
			<!-- ; Used with Drive/DriveGet and/or WinGet/WinSet:  -->
			<KEYWORD2>AlwaysOnTop</KEYWORD2>
			<KEYWORD2>Topmost</KEYWORD2>
			<KEYWORD2>Top</KEYWORD2>
			<KEYWORD2>Bottom</KEYWORD2>
			<KEYWORD2>Transparent</KEYWORD2>
			<KEYWORD2>TransColor</KEYWORD2>
			<KEYWORD2>Redraw</KEYWORD2>
			<KEYWORD2>Region</KEYWORD2>
			<KEYWORD2>ID</KEYWORD2>
			<KEYWORD2>IDLast</KEYWORD2>
			<KEYWORD2>ProcessName</KEYWORD2>
			<KEYWORD2>MinMax</KEYWORD2>
			<KEYWORD2>ControlList</KEYWORD2>
			<KEYWORD2>Count</KEYWORD2>
			<KEYWORD2>List</KEYWORD2>
			<KEYWORD2>Capacity</KEYWORD2>
			<KEYWORD2>StatusCD</KEYWORD2>
			<KEYWORD2>Eject</KEYWORD2>
			<KEYWORD2>Lock</KEYWORD2>
			<KEYWORD2>Unlock</KEYWORD2>
			<KEYWORD2>Label</KEYWORD2>
			<KEYWORD2>FileSystem</KEYWORD2>
			<KEYWORD2>Label</KEYWORD2>
			<KEYWORD2>SetLabel</KEYWORD2>
			<KEYWORD2>Serial</KEYWORD2>
			<KEYWORD2>Type</KEYWORD2>
			<KEYWORD2>Status</KEYWORD2>
			<!-- ; For functions:  -->
			<KEYWORD2>static</KEYWORD2>
			<KEYWORD2>global</KEYWORD2>
			<KEYWORD2>local</KEYWORD2>
			<KEYWORD2>ByRef</KEYWORD2>
			<!-- ; Time units for use with addition and subtraction:  -->
			<KEYWORD2>Seconds</KEYWORD2>
			<KEYWORD2>Minutes</KEYWORD2>
			<KEYWORD2>Hours</KEYWORD2>
			<KEYWORD2>Days</KEYWORD2>
			<!-- ; For use with the Loop command:  -->
			<KEYWORD2>Read</KEYWORD2>
			<KEYWORD2>Parse</KEYWORD2>
			<!-- ; A_ExitReason  -->
			<KEYWORD2>Logoff</KEYWORD2>
			<KEYWORD2>Close</KEYWORD2>
			<KEYWORD2>Error</KEYWORD2>
			<KEYWORD2>Single</KEYWORD2>
			<!-- ; The following are Commented out because they are already a keywords due to being a commands:  -->
			<!-- ;Shutdown  -->
			<!-- ;Menu  -->
			<!-- ;Exit  -->
			<!-- ;Reload  -->
			<!-- ; Keywords used with the "menu" command:  -->
			<KEYWORD2>Tray</KEYWORD2>
			<KEYWORD2>Add</KEYWORD2>
			<KEYWORD2>Rename</KEYWORD2>
			<KEYWORD2>Check</KEYWORD2>
			<KEYWORD2>UnCheck</KEYWORD2>
			<KEYWORD2>ToggleCheck</KEYWORD2>
			<KEYWORD2>Enable</KEYWORD2>
			<KEYWORD2>Disable</KEYWORD2>
			<KEYWORD2>ToggleEnable</KEYWORD2>
			<KEYWORD2>Default</KEYWORD2>
			<KEYWORD2>NoDefault</KEYWORD2>
			<KEYWORD2>Standard</KEYWORD2>
			<KEYWORD2>NoStandard</KEYWORD2>
			<KEYWORD2>Color</KEYWORD2>
			<KEYWORD2>Delete</KEYWORD2>
			<KEYWORD2>DeleteAll</KEYWORD2>
			<KEYWORD2>Icon</KEYWORD2>
			<KEYWORD2>NoIcon</KEYWORD2>
			<KEYWORD2>Tip</KEYWORD2>
			<KEYWORD2>Click</KEYWORD2>
			<KEYWORD2>Show</KEYWORD2>
			<KEYWORD2>MainWindow</KEYWORD2>
			<KEYWORD2>NoMainWindow</KEYWORD2>
			<KEYWORD2>UseErrorLevel</KEYWORD2>
			<!-- ; Gui control types (note that Edit, Progress and Hotkey aren't included since they are already command keywords):  -->
			<KEYWORD2>Text</KEYWORD2>
			<KEYWORD2>Picture</KEYWORD2>
			<KEYWORD2>Pic</KEYWORD2>
			<KEYWORD2>GroupBox</KEYWORD2>
			<KEYWORD2>Button</KEYWORD2>
			<KEYWORD2>Checkbox</KEYWORD2>
			<KEYWORD2>Radio</KEYWORD2>
			<KEYWORD2>DropDownList</KEYWORD2>
			<KEYWORD2>DDL</KEYWORD2>
			<KEYWORD2>ComboBox</KEYWORD2>
			<KEYWORD2>ListBox</KEYWORD2>
			<KEYWORD2>ListView</KEYWORD2>
			<KEYWORD2>DateTime</KEYWORD2>
			<KEYWORD2>MonthCal</KEYWORD2>
			<KEYWORD2>Slider</KEYWORD2>
			<KEYWORD2>StatusBar</KEYWORD2>
			<KEYWORD2>Tab</KEYWORD2>
			<KEYWORD2>TreeView</KEYWORD2>
			<KEYWORD2>UpDown</KEYWORD2>
			<!-- ; ListView:  -->
			<KEYWORD2>IconSmall</KEYWORD2>
			<KEYWORD2>Tile</KEYWORD2>
			<KEYWORD2>Report</KEYWORD2>
			<KEYWORD2>SortDesc</KEYWORD2>
			<KEYWORD2>NoSort</KEYWORD2>
			<KEYWORD2>NoSortHdr</KEYWORD2>
			<KEYWORD2>Grid</KEYWORD2>
			<KEYWORD2>Hdr</KEYWORD2>
			<KEYWORD2>AutoSize</KEYWORD2>
			<KEYWORD2>Range</KEYWORD2>
			<!-- ; General GUI keywords:  -->
			<KEYWORD2>xm</KEYWORD2>
			<KEYWORD2>ym</KEYWORD2>
			<KEYWORD2>ys</KEYWORD2>
			<KEYWORD2>xs</KEYWORD2>
			<KEYWORD2>xp</KEYWORD2>
			<KEYWORD2>yp</KEYWORD2>
			<KEYWORD2>Font</KEYWORD2>
			<KEYWORD2>Resize</KEYWORD2>
			<KEYWORD2>Owner</KEYWORD2>
			<KEYWORD2>Submit</KEYWORD2>
			<KEYWORD2>NoHide</KEYWORD2>
			<KEYWORD2>Minimize</KEYWORD2>
			<KEYWORD2>Maximize</KEYWORD2>
			<KEYWORD2>Restore</KEYWORD2>
			<KEYWORD2>NoActivate</KEYWORD2>
			<KEYWORD2>NA</KEYWORD2>
			<KEYWORD2>Cancel</KEYWORD2>
			<KEYWORD2>Destroy</KEYWORD2>
			<KEYWORD2>Center</KEYWORD2>
			<KEYWORD2>Margin</KEYWORD2>
			<KEYWORD2>OwnDialogs</KEYWORD2>
			<KEYWORD2>GuiEscape</KEYWORD2>
			<KEYWORD2>GuiClose</KEYWORD2>
			<KEYWORD2>GuiSize</KEYWORD2>
			<KEYWORD2>GuiContextMenu</KEYWORD2>
			<KEYWORD2>GuiDropFiles</KEYWORD2>
			<KEYWORD2>TabStop</KEYWORD2>
			<KEYWORD2>Section</KEYWORD2>
			<KEYWORD2>AltSubmit</KEYWORD2>
			<KEYWORD2>Wrap</KEYWORD2>
			<KEYWORD2>HScroll</KEYWORD2>
			<KEYWORD2>VScroll</KEYWORD2>
			<KEYWORD2>Border</KEYWORD2>
			<KEYWORD2>Top</KEYWORD2>
			<KEYWORD2>Bottom</KEYWORD2>
			<KEYWORD2>Buttons</KEYWORD2>
			<KEYWORD2>Expand</KEYWORD2>
			<KEYWORD2>First</KEYWORD2>
			<KEYWORD2>ImageList</KEYWORD2>
			<KEYWORD2>Lines</KEYWORD2>
			<KEYWORD2>WantCtrlA</KEYWORD2>
			<KEYWORD2>WantF2</KEYWORD2>
			<KEYWORD2>Vis</KEYWORD2>
			<KEYWORD2>VisFirst</KEYWORD2>
			<KEYWORD2>Number</KEYWORD2>
			<KEYWORD2>Uppercase</KEYWORD2>
			<KEYWORD2>Lowercase</KEYWORD2>
			<KEYWORD2>Limit</KEYWORD2>
			<KEYWORD2>Password</KEYWORD2>
			<KEYWORD2>Multi</KEYWORD2>
			<KEYWORD2>WantReturn</KEYWORD2>
			<KEYWORD2>Group</KEYWORD2>
			<KEYWORD2>Background</KEYWORD2>
			<KEYWORD2>bold</KEYWORD2>
			<KEYWORD2>italic</KEYWORD2>
			<KEYWORD2>strike</KEYWORD2>
			<KEYWORD2>underline</KEYWORD2>
			<KEYWORD2>norm</KEYWORD2>
			<KEYWORD2>BackgroundTrans</KEYWORD2>
			<KEYWORD2>Theme</KEYWORD2>
			<KEYWORD2>Caption</KEYWORD2>
			<KEYWORD2>Delimiter</KEYWORD2>
			<KEYWORD2>MinimizeBox</KEYWORD2>
			<KEYWORD2>MaximizeBox</KEYWORD2>
			<KEYWORD2>SysMenu</KEYWORD2>
			<KEYWORD2>ToolWindow</KEYWORD2>
			<KEYWORD2>Flash</KEYWORD2>
			<KEYWORD2>Style</KEYWORD2>
			<KEYWORD2>ExStyle</KEYWORD2>
			<KEYWORD2>Check3</KEYWORD2>
			<KEYWORD2>Checked</KEYWORD2>
			<KEYWORD2>CheckedGray</KEYWORD2>
			<KEYWORD2>ReadOnly</KEYWORD2>
			<KEYWORD2>Password</KEYWORD2>
			<KEYWORD2>Hidden</KEYWORD2>
			<KEYWORD2>Left</KEYWORD2>
			<KEYWORD2>Right</KEYWORD2>
			<KEYWORD2>Center</KEYWORD2>
			<KEYWORD2>NoTab</KEYWORD2>
			<KEYWORD2>Section</KEYWORD2>
			<KEYWORD2>Move</KEYWORD2>
			<KEYWORD2>Focus</KEYWORD2>
			<KEYWORD2>Hide</KEYWORD2>
			<KEYWORD2>Choose</KEYWORD2>
			<KEYWORD2>ChooseString</KEYWORD2>
			<KEYWORD2>Text</KEYWORD2>
			<KEYWORD2>Pos</KEYWORD2>
			<KEYWORD2>Enabled</KEYWORD2>
			<KEYWORD2>Disabled</KEYWORD2>
			<KEYWORD2>Visible</KEYWORD2>
			<KEYWORD2>LastFound</KEYWORD2>
			<KEYWORD2>LastFoundExist</KEYWORD2>
			<!-- ; Already included with menu:  -->
			<!-- ;Show  -->
			<!-- ;Menu  -->
			<!-- ;Color  -->
			<!-- ;Edit  -->
			<!-- ;Default  -->
			<!-- ;Enable  -->
			<!-- ;Disable  -->
			<!-- ;Default  -->
			<!-- ; Keywords used with the Hotkey command:  -->
			<KEYWORD2>AltTab</KEYWORD2>
			<KEYWORD2>ShiftAltTab</KEYWORD2>
			<KEYWORD2>AltTabMenu</KEYWORD2>
			<KEYWORD2>AltTabAndMenu</KEYWORD2>
			<KEYWORD2>AltTabMenuDismiss</KEYWORD2>
			<!-- ; Keywords used with the Thread/Process commands  -->
			<KEYWORD2>NoTimers</KEYWORD2>
			<KEYWORD2>Interrupt</KEYWORD2>
			<KEYWORD2>Priority</KEYWORD2>
			<KEYWORD2>WaitClose</KEYWORD2>
			<KEYWORD2>Wait</KEYWORD2>
			<KEYWORD2>Exist</KEYWORD2>
			<KEYWORD2>Close</KEYWORD2>
			<!-- ; Keywords for Send (these key names are also listed in Keys.txt, but without braces):  -->
			<KEYWORD2>{Blind}</KEYWORD2>
			<KEYWORD2>{Click}</KEYWORD2>
			<KEYWORD2>{Raw}</KEYWORD2>
			<KEYWORD2>{AltDown}</KEYWORD2>
			<KEYWORD2>{AltUp}</KEYWORD2>
			<KEYWORD2>{ShiftDown}</KEYWORD2>
			<KEYWORD2>{ShiftUp}</KEYWORD2>
			<KEYWORD2>{CtrlDown}</KEYWORD2>
			<KEYWORD2>{CtrlUp}</KEYWORD2>
			<KEYWORD2>{LWinDown}</KEYWORD2>
			<KEYWORD2>{LWinUp}</KEYWORD2>
			<KEYWORD2>{RWinDown}</KEYWORD2>
			<KEYWORD2>{RWinUp}</KEYWORD2>
			<!-- ; Keywords used with the Transform command:  -->
			<KEYWORD2>Unicode</KEYWORD2>
			<KEYWORD2>Asc</KEYWORD2>
			<KEYWORD2>Chr</KEYWORD2>
			<KEYWORD2>Deref</KEYWORD2>
			<KEYWORD2>Mod</KEYWORD2>
			<KEYWORD2>Pow</KEYWORD2>
			<KEYWORD2>Exp</KEYWORD2>
			<KEYWORD2>Sqrt</KEYWORD2>
			<KEYWORD2>Log</KEYWORD2>
			<KEYWORD2>Ln</KEYWORD2>
			<KEYWORD2>Round</KEYWORD2>
			<KEYWORD2>Ceil</KEYWORD2>
			<KEYWORD2>Floor</KEYWORD2>
			<KEYWORD2>Abs</KEYWORD2>
			<KEYWORD2>Sin</KEYWORD2>
			<KEYWORD2>Cos</KEYWORD2>
			<KEYWORD2>Tan</KEYWORD2>
			<KEYWORD2>ASin</KEYWORD2>
			<KEYWORD2>ACos</KEYWORD2>
			<KEYWORD2>ATan</KEYWORD2>
			<KEYWORD2>BitNot</KEYWORD2>
			<KEYWORD2>BitAnd</KEYWORD2>
			<KEYWORD2>BitOr</KEYWORD2>
			<KEYWORD2>BitXOr</KEYWORD2>
			<KEYWORD2>BitShiftLeft</KEYWORD2>
			<KEYWORD2>BitShiftRight</KEYWORD2>
			<!-- ; Keywords used with "IfMsgBox" ("continue" is not present here because it's a command too):  -->
			<KEYWORD2>Yes</KEYWORD2>
			<KEYWORD2>No</KEYWORD2>
			<KEYWORD2>Ok</KEYWORD2>
			<KEYWORD2>Cancel</KEYWORD2>
			<KEYWORD2>Abort</KEYWORD2>
			<KEYWORD2>Retry</KEYWORD2>
			<KEYWORD2>Ignore</KEYWORD2>
			<KEYWORD2>TryAgain</KEYWORD2>
			<!-- ; Misc. eywords used with various commands:  -->
			<KEYWORD2>On</KEYWORD2>
			<KEYWORD2>Off</KEYWORD2>
			<KEYWORD2>All</KEYWORD2>
			<!-- ; Registry root keys:  -->
			<KEYWORD2>HKEY_LOCAL_MACHINE</KEYWORD2>
			<KEYWORD2>HKEY_USERS</KEYWORD2>
			<KEYWORD2>HKEY_CURRENT_USER</KEYWORD2>
			<KEYWORD2>HKEY_CLASSES_ROOT</KEYWORD2>
			<KEYWORD2>HKEY_CURRENT_CONFIG</KEYWORD2>
			<KEYWORD2>HKLM</KEYWORD2>
			<KEYWORD2>HKU</KEYWORD2>
			<KEYWORD2>HKCU</KEYWORD2>
			<KEYWORD2>HKCR</KEYWORD2>
			<KEYWORD2>HKCC</KEYWORD2>
			<!-- ; Registry value types:  -->
			<KEYWORD2>REG_SZ</KEYWORD2>
			<KEYWORD2>REG_EXPAND_SZ</KEYWORD2>
			<KEYWORD2>REG_MULTI_SZ</KEYWORD2>
			<KEYWORD2>REG_DWORD</KEYWORD2>
			<KEYWORD2>REG_BINARY</KEYWORD2>


			<KEYWORD3>A_AhkPath</KEYWORD3>
			<KEYWORD3>A_AhkVersion</KEYWORD3>
			<KEYWORD3>A_AppData</KEYWORD3>
			<KEYWORD3>A_AppDataCommon</KEYWORD3>
			<KEYWORD3>A_AutoTrim</KEYWORD3>
			<KEYWORD3>A_BatchLines</KEYWORD3>
			<KEYWORD3>A_CaretX</KEYWORD3>
			<KEYWORD3>A_CaretY</KEYWORD3>
			<KEYWORD3>A_ComputerName</KEYWORD3>
			<KEYWORD3>A_ControlDelay</KEYWORD3>
			<KEYWORD3>A_Cursor</KEYWORD3>
			<KEYWORD3>A_DD</KEYWORD3>
			<KEYWORD3>A_DDD</KEYWORD3>
			<KEYWORD3>A_DDDD</KEYWORD3>
			<KEYWORD3>A_DefaultMouseSpeed</KEYWORD3>
			<KEYWORD3>A_Desktop</KEYWORD3>
			<KEYWORD3>A_DesktopCommon</KEYWORD3>
			<KEYWORD3>A_DetectHiddenText</KEYWORD3>
			<KEYWORD3>A_DetectHiddenWindows</KEYWORD3>
			<KEYWORD3>A_EndChar</KEYWORD3>
			<KEYWORD3>A_EventInfo</KEYWORD3>
			<KEYWORD3>A_ExitReason</KEYWORD3>
			<KEYWORD3>A_FormatFloat</KEYWORD3>
			<KEYWORD3>A_FormatInteger</KEYWORD3>
			<KEYWORD3>A_Gui</KEYWORD3>
			<KEYWORD3>A_GuiEvent</KEYWORD3>
			<KEYWORD3>A_GuiControl</KEYWORD3>
			<KEYWORD3>A_GuiControlEvent</KEYWORD3>
			<KEYWORD3>A_GuiHeight</KEYWORD3>
			<KEYWORD3>A_GuiWidth</KEYWORD3>
			<KEYWORD3>A_GuiX</KEYWORD3>
			<KEYWORD3>A_GuiY</KEYWORD3>
			<KEYWORD3>A_Hour</KEYWORD3>
			<KEYWORD3>A_IconFile</KEYWORD3>
			<KEYWORD3>A_IconHidden</KEYWORD3>
			<KEYWORD3>A_IconNumber</KEYWORD3>
			<KEYWORD3>A_IconTip</KEYWORD3>
			<KEYWORD3>A_Index</KEYWORD3>
			<KEYWORD3>A_IPAddress1</KEYWORD3>
			<KEYWORD3>A_IPAddress2</KEYWORD3>
			<KEYWORD3>A_IPAddress3</KEYWORD3>
			<KEYWORD3>A_IPAddress4</KEYWORD3>
			<KEYWORD3>A_ISAdmin</KEYWORD3>
			<KEYWORD3>A_IsCompiled</KEYWORD3>
			<KEYWORD3>A_IsSuspended</KEYWORD3>
			<KEYWORD3>A_KeyDelay</KEYWORD3>
			<KEYWORD3>A_Language</KEYWORD3>
			<KEYWORD3>A_LastError</KEYWORD3>
			<KEYWORD3>A_LineFile</KEYWORD3>
			<KEYWORD3>A_LineNumber</KEYWORD3>
			<KEYWORD3>A_LoopField</KEYWORD3>
			<KEYWORD3>A_LoopFileAttrib</KEYWORD3>
			<KEYWORD3>A_LoopFileDir</KEYWORD3>
			<KEYWORD3>A_LoopFileExt</KEYWORD3>
			<KEYWORD3>A_LoopFileFullPath</KEYWORD3>
			<KEYWORD3>A_LoopFileLongPath</KEYWORD3>
			<KEYWORD3>A_LoopFileName</KEYWORD3>
			<KEYWORD3>A_LoopFileShortName</KEYWORD3>
			<KEYWORD3>A_LoopFileShortPath</KEYWORD3>
			<KEYWORD3>A_LoopFileSize</KEYWORD3>
			<KEYWORD3>A_LoopFileSizeKB</KEYWORD3>
			<KEYWORD3>A_LoopFileSizeMB</KEYWORD3>
			<KEYWORD3>A_LoopFileTimeAccessed</KEYWORD3>
			<KEYWORD3>A_LoopFileTimeCreated</KEYWORD3>
			<KEYWORD3>A_LoopFileTimeModified</KEYWORD3>
			<KEYWORD3>A_LoopReadLine</KEYWORD3>
			<KEYWORD3>A_LoopRegKey</KEYWORD3>
			<KEYWORD3>A_LoopRegName</KEYWORD3>
			<KEYWORD3>A_LoopRegSubkey</KEYWORD3>
			<KEYWORD3>A_LoopRegTimeModified</KEYWORD3>
			<KEYWORD3>A_LoopRegType</KEYWORD3>
			<KEYWORD3>A_MDAY</KEYWORD3>
			<KEYWORD3>A_Min</KEYWORD3>
			<KEYWORD3>A_MM</KEYWORD3>
			<KEYWORD3>A_MMM</KEYWORD3>
			<KEYWORD3>A_MMMM</KEYWORD3>
			<KEYWORD3>A_Mon</KEYWORD3>
			<KEYWORD3>A_MouseDelay</KEYWORD3>
			<KEYWORD3>A_MSec</KEYWORD3>
			<KEYWORD3>A_MyDocuments</KEYWORD3>
			<KEYWORD3>A_Now</KEYWORD3>
			<KEYWORD3>A_NowUTC</KEYWORD3>
			<KEYWORD3>A_NumBatchLines</KEYWORD3>
			<KEYWORD3>A_OSType</KEYWORD3>
			<KEYWORD3>A_OSVersion</KEYWORD3>
			<KEYWORD3>A_PriorHotkey</KEYWORD3>
			<KEYWORD3>A_ProgramFiles</KEYWORD3>
			<KEYWORD3>A_Programs</KEYWORD3>
			<KEYWORD3>A_ProgramsCommon</KEYWORD3>
			<KEYWORD3>A_ScreenHeight</KEYWORD3>
			<KEYWORD3>A_ScreenWidth</KEYWORD3>
			<KEYWORD3>A_ScriptDir</KEYWORD3>
			<KEYWORD3>A_ScriptFullPath</KEYWORD3>
			<KEYWORD3>A_ScriptName</KEYWORD3>
			<KEYWORD3>A_Sec</KEYWORD3>
			<KEYWORD3>A_Space</KEYWORD3>
			<KEYWORD3>A_StartMenu</KEYWORD3>
			<KEYWORD3>A_StartMenuCommon</KEYWORD3>
			<KEYWORD3>A_Startup</KEYWORD3>
			<KEYWORD3>A_StartupCommon</KEYWORD3>
			<KEYWORD3>A_StringCaseSense</KEYWORD3>
			<KEYWORD3>A_Tab</KEYWORD3>
			<KEYWORD3>A_Temp</KEYWORD3>
			<KEYWORD3>A_ThisHotkey</KEYWORD3>
			<KEYWORD3>A_ThisMenu</KEYWORD3>
			<KEYWORD3>A_ThisMenuItem</KEYWORD3>
			<KEYWORD3>A_ThisMenuItemPos</KEYWORD3>
			<KEYWORD3>A_TickCount</KEYWORD3>
			<KEYWORD3>A_TimeIdle</KEYWORD3>
			<KEYWORD3>A_TimeIdlePhysical</KEYWORD3>
			<KEYWORD3>A_TimeSincePriorHotkey</KEYWORD3>
			<KEYWORD3>A_TimeSinceThisHotkey</KEYWORD3>
			<KEYWORD3>A_TitleMatchMode</KEYWORD3>
			<KEYWORD3>A_TitleMatchModeSpeed</KEYWORD3>
			<KEYWORD3>A_UserName</KEYWORD3>
			<KEYWORD3>A_WDay</KEYWORD3>
			<KEYWORD3>A_WinDelay</KEYWORD3>
			<KEYWORD3>A_WinDir</KEYWORD3>
			<KEYWORD3>A_WorkingDir</KEYWORD3>
			<KEYWORD3>A_YDay</KEYWORD3>
			<KEYWORD3>A_YEAR</KEYWORD3>
			<KEYWORD3>A_YWeek</KEYWORD3>
			<KEYWORD3>A_YYYY</KEYWORD3>
			<KEYWORD3>Clipboard</KEYWORD3>
			<KEYWORD3>ClipboardAll</KEYWORD3>
			<KEYWORD3>ComSpec</KEYWORD3>
			<KEYWORD3>ErrorLevel</KEYWORD3>
			<KEYWORD3>ProgramFiles</KEYWORD3>
			<KEYWORD3>True</KEYWORD3>
			<KEYWORD3>False</KEYWORD3>


			<LITERAL2>^</LITERAL2>
			<LITERAL2>{^}</LITERAL2>
			<LITERAL2>+</LITERAL2>
			<LITERAL2>{+}</LITERAL2>
			<LITERAL2>!</LITERAL2>
			<LITERAL2>{!}</LITERAL2>
			<LITERAL2>#</LITERAL2>
			<LITERAL2>{#}</LITERAL2>
			<LITERAL2>~</LITERAL2>
			<LITERAL2>{~}</LITERAL2>
			<LITERAL2>$</LITERAL2>
			<LITERAL2>{$}</LITERAL2>
			<LITERAL2>`</LITERAL2>
			<LITERAL2>{`}</LITERAL2>
			<LITERAL2>Shift</LITERAL2>
			<LITERAL2>{Shift}</LITERAL2>
			<LITERAL2>LShift</LITERAL2>
			<LITERAL2>{LShift}</LITERAL2>
			<LITERAL2>RShift</LITERAL2>
			<LITERAL2>{RShift}</LITERAL2>
			<LITERAL2>Alt</LITERAL2>
			<LITERAL2>{Alt}</LITERAL2>
			<LITERAL2>LAlt</LITERAL2>
			<LITERAL2>{LAlt}</LITERAL2>
			<LITERAL2>RAlt</LITERAL2>
			<LITERAL2>{RAlt}</LITERAL2>
			<LITERAL2>Control</LITERAL2>
			<LITERAL2>{Control}</LITERAL2>
			<LITERAL2>LControl</LITERAL2>
			<LITERAL2>{LControl}</LITERAL2>
			<LITERAL2>RControl</LITERAL2>
			<LITERAL2>{RControl}</LITERAL2>
			<LITERAL2>Ctrl</LITERAL2>
			<LITERAL2>{Ctrl}</LITERAL2>
			<LITERAL2>LCtrl</LITERAL2>
			<LITERAL2>{LCtrl}</LITERAL2>
			<LITERAL2>RCtrl</LITERAL2>
			<LITERAL2>{RCtrl}</LITERAL2>
			<LITERAL2>LWin</LITERAL2>
			<LITERAL2>{LWin}</LITERAL2>
			<LITERAL2>RWin</LITERAL2>
			<LITERAL2>{RWin}</LITERAL2>
			<LITERAL2>AppsKey</LITERAL2>
			<LITERAL2>{AppsKey}</LITERAL2>
			<LITERAL2>AltDown</LITERAL2>
			<LITERAL2>{AltDown}</LITERAL2>
			<LITERAL2>AltUp</LITERAL2>
			<LITERAL2>{AltUp}</LITERAL2>
			<LITERAL2>ShiftDown</LITERAL2>
			<LITERAL2>{ShiftDown}</LITERAL2>
			<LITERAL2>ShiftUp</LITERAL2>
			<LITERAL2>{ShiftUp}</LITERAL2>
			<LITERAL2>CtrlDown</LITERAL2>
			<LITERAL2>{CtrlDown}</LITERAL2>
			<LITERAL2>CtrlUp</LITERAL2>
			<LITERAL2>{CtrlUp}</LITERAL2>
			<LITERAL2>LWinDown</LITERAL2>
			<LITERAL2>{LWinDown}</LITERAL2>
			<LITERAL2>LWinUp</LITERAL2>
			<LITERAL2>{LWinUp}</LITERAL2>
			<LITERAL2>RWinDown</LITERAL2>
			<LITERAL2>{RWinDown}</LITERAL2>
			<LITERAL2>RWinUp</LITERAL2>
			<LITERAL2>{RWinUp}</LITERAL2>
			<LITERAL2>LButton</LITERAL2>
			<LITERAL2>{LButton}</LITERAL2>
			<LITERAL2>RButton</LITERAL2>
			<LITERAL2>{RButton}</LITERAL2>
			<LITERAL2>MButton</LITERAL2>
			<LITERAL2>{MButton}</LITERAL2>
			<LITERAL2>WheelUp</LITERAL2>
			<LITERAL2>{WheelUp}</LITERAL2>
			<LITERAL2>WheelDown</LITERAL2>
			<LITERAL2>{WheelDown}</LITERAL2>
			<LITERAL2>XButton1</LITERAL2>
			<LITERAL2>{XButton1}</LITERAL2>
			<LITERAL2>XButton2</LITERAL2>
			<LITERAL2>{XButton2}</LITERAL2>
			<LITERAL2>Joy1</LITERAL2>
			<LITERAL2>{Joy1}</LITERAL2>
			<LITERAL2>Joy2</LITERAL2>
			<LITERAL2>{Joy2}</LITERAL2>
			<LITERAL2>Joy3</LITERAL2>
			<LITERAL2>{Joy3}</LITERAL2>
			<LITERAL2>Joy4</LITERAL2>
			<LITERAL2>{Joy4}</LITERAL2>
			<LITERAL2>Joy5</LITERAL2>
			<LITERAL2>{Joy5}</LITERAL2>
			<LITERAL2>Joy6</LITERAL2>
			<LITERAL2>{Joy6}</LITERAL2>
			<LITERAL2>Joy7</LITERAL2>
			<LITERAL2>{Joy7}</LITERAL2>
			<LITERAL2>Joy8</LITERAL2>
			<LITERAL2>{Joy8}</LITERAL2>
			<LITERAL2>Joy9</LITERAL2>
			<LITERAL2>{Joy9}</LITERAL2>
			<LITERAL2>Joy10</LITERAL2>
			<LITERAL2>{Joy10}</LITERAL2>
			<LITERAL2>Joy11</LITERAL2>
			<LITERAL2>{Joy11}</LITERAL2>
			<LITERAL2>Joy12</LITERAL2>
			<LITERAL2>{Joy12}</LITERAL2>
			<LITERAL2>Joy13</LITERAL2>
			<LITERAL2>{Joy13}</LITERAL2>
			<LITERAL2>Joy14</LITERAL2>
			<LITERAL2>{Joy14}</LITERAL2>
			<LITERAL2>Joy15</LITERAL2>
			<LITERAL2>{Joy15}</LITERAL2>
			<LITERAL2>Joy16</LITERAL2>
			<LITERAL2>{Joy16}</LITERAL2>
			<LITERAL2>Joy17</LITERAL2>
			<LITERAL2>{Joy17}</LITERAL2>
			<LITERAL2>Joy18</LITERAL2>
			<LITERAL2>{Joy18}</LITERAL2>
			<LITERAL2>Joy19</LITERAL2>
			<LITERAL2>{Joy19}</LITERAL2>
			<LITERAL2>Joy20</LITERAL2>
			<LITERAL2>{Joy20}</LITERAL2>
			<LITERAL2>Joy21</LITERAL2>
			<LITERAL2>{Joy21}</LITERAL2>
			<LITERAL2>Joy22</LITERAL2>
			<LITERAL2>{Joy22}</LITERAL2>
			<LITERAL2>Joy23</LITERAL2>
			<LITERAL2>{Joy23}</LITERAL2>
			<LITERAL2>Joy24</LITERAL2>
			<LITERAL2>{Joy24}</LITERAL2>
			<LITERAL2>Joy25</LITERAL2>
			<LITERAL2>{Joy25}</LITERAL2>
			<LITERAL2>Joy26</LITERAL2>
			<LITERAL2>{Joy26}</LITERAL2>
			<LITERAL2>Joy27</LITERAL2>
			<LITERAL2>{Joy27}</LITERAL2>
			<LITERAL2>Joy28</LITERAL2>
			<LITERAL2>{Joy28}</LITERAL2>
			<LITERAL2>Joy29</LITERAL2>
			<LITERAL2>{Joy29}</LITERAL2>
			<LITERAL2>Joy30</LITERAL2>
			<LITERAL2>{Joy30}</LITERAL2>
			<LITERAL2>Joy31</LITERAL2>
			<LITERAL2>{Joy31}</LITERAL2>
			<LITERAL2>Joy32</LITERAL2>
			<LITERAL2>{Joy32}</LITERAL2>
			<LITERAL2>JoyX</LITERAL2>
			<LITERAL2>{JoyX}</LITERAL2>
			<LITERAL2>JoyY</LITERAL2>
			<LITERAL2>{JoyY}</LITERAL2>
			<LITERAL2>JoyZ</LITERAL2>
			<LITERAL2>{JoyZ}</LITERAL2>
			<LITERAL2>JoyR</LITERAL2>
			<LITERAL2>{JoyR}</LITERAL2>
			<LITERAL2>JoyU</LITERAL2>
			<LITERAL2>{JoyU}</LITERAL2>
			<LITERAL2>JoyV</LITERAL2>
			<LITERAL2>{JoyV}</LITERAL2>
			<LITERAL2>JoyPOV</LITERAL2>
			<LITERAL2>{JoyPOV}</LITERAL2>
			<LITERAL2>JoyName</LITERAL2>
			<LITERAL2>{JoyName}</LITERAL2>
			<LITERAL2>JoyButtons</LITERAL2>
			<LITERAL2>{JoyButtons}</LITERAL2>
			<LITERAL2>JoyAxes</LITERAL2>
			<LITERAL2>{JoyAxes}</LITERAL2>
			<LITERAL2>JoyInfo</LITERAL2>
			<LITERAL2>{JoyInfo}</LITERAL2>
			<LITERAL2>Space</LITERAL2>
			<LITERAL2>{Space}</LITERAL2>
			<LITERAL2>Tab</LITERAL2>
			<LITERAL2>{Tab}</LITERAL2>
			<LITERAL2>Enter</LITERAL2>
			<LITERAL2>{Enter}</LITERAL2>
			<!-- ; Not this one since it's already a keyword (a command): RETURN  -->
			<LITERAL2>Escape</LITERAL2>
			<LITERAL2>{Escape}</LITERAL2>
			<LITERAL2>Esc</LITERAL2>
			<LITERAL2>{Esc}</LITERAL2>
			<LITERAL2>BackSpace</LITERAL2>
			<LITERAL2>{BackSpace}</LITERAL2>
			<LITERAL2>BS</LITERAL2>
			<LITERAL2>{BS}</LITERAL2>
			<LITERAL2>Delete</LITERAL2>
			<LITERAL2>{Delete}</LITERAL2>
			<LITERAL2>Del</LITERAL2>
			<LITERAL2>{Del}</LITERAL2>
			<LITERAL2>Insert</LITERAL2>
			<LITERAL2>{Insert}</LITERAL2>
			<LITERAL2>Ins</LITERAL2>
			<LITERAL2>{Ins}</LITERAL2>
			<LITERAL2>PGUP</LITERAL2>
			<LITERAL2>{PGUP}</LITERAL2>
			<LITERAL2>PGDN</LITERAL2>
			<LITERAL2>{PGDN}</LITERAL2>
			<LITERAL2>Home</LITERAL2>
			<LITERAL2>{Home}</LITERAL2>
			<LITERAL2>End</LITERAL2>
			<LITERAL2>{End}</LITERAL2>
			<LITERAL2>Up</LITERAL2>
			<LITERAL2>{Up}</LITERAL2>
			<LITERAL2>Down</LITERAL2>
			<LITERAL2>{Down}</LITERAL2>
			<LITERAL2>Left</LITERAL2>
			<LITERAL2>{Left}</LITERAL2>
			<LITERAL2>Right</LITERAL2>
			<LITERAL2>{Right}</LITERAL2>
			<LITERAL2>PrintScreen</LITERAL2>
			<LITERAL2>{PrintScreen}</LITERAL2>
			<LITERAL2>CtrlBreak</LITERAL2>
			<LITERAL2>{CtrlBreak}</LITERAL2>
			<LITERAL2>Pause</LITERAL2>
			<LITERAL2>{Pause}</LITERAL2>
			<LITERAL2>ScrollLock</LITERAL2>
			<LITERAL2>{ScrollLock}</LITERAL2>
			<LITERAL2>CapsLock</LITERAL2>
			<LITERAL2>{CapsLock}</LITERAL2>
			<LITERAL2>NumLock</LITERAL2>
			<LITERAL2>{NumLock}</LITERAL2>
			<LITERAL2>Numpad0</LITERAL2>
			<LITERAL2>{Numpad0}</LITERAL2>
			<LITERAL2>Numpad1</LITERAL2>
			<LITERAL2>{Numpad1}</LITERAL2>
			<LITERAL2>Numpad2</LITERAL2>
			<LITERAL2>{Numpad2}</LITERAL2>
			<LITERAL2>Numpad3</LITERAL2>
			<LITERAL2>{Numpad3}</LITERAL2>
			<LITERAL2>Numpad4</LITERAL2>
			<LITERAL2>{Numpad4}</LITERAL2>
			<LITERAL2>Numpad5</LITERAL2>
			<LITERAL2>{Numpad5}</LITERAL2>
			<LITERAL2>Numpad6</LITERAL2>
			<LITERAL2>{Numpad6}</LITERAL2>
			<LITERAL2>Numpad7</LITERAL2>
			<LITERAL2>{Numpad7}</LITERAL2>
			<LITERAL2>Numpad8</LITERAL2>
			<LITERAL2>{Numpad8}</LITERAL2>
			<LITERAL2>Numpad9</LITERAL2>
			<LITERAL2>{Numpad9}</LITERAL2>
			<LITERAL2>NumpadMult</LITERAL2>
			<LITERAL2>{NumpadMult}</LITERAL2>
			<LITERAL2>NumpadAdd</LITERAL2>
			<LITERAL2>{NumpadAdd}</LITERAL2>
			<LITERAL2>NumpadSub</LITERAL2>
			<LITERAL2>{NumpadSub}</LITERAL2>
			<LITERAL2>NumpadDiv</LITERAL2>
			<LITERAL2>{NumpadDiv}</LITERAL2>
			<LITERAL2>NumpadDot</LITERAL2>
			<LITERAL2>{NumpadDot}</LITERAL2>
			<LITERAL2>NumpadDel</LITERAL2>
			<LITERAL2>{NumpadDel}</LITERAL2>
			<LITERAL2>NumpadIns</LITERAL2>
			<LITERAL2>{NumpadIns}</LITERAL2>
			<LITERAL2>NumpadClear</LITERAL2>
			<LITERAL2>{NumpadClear}</LITERAL2>
			<LITERAL2>NumpadUp</LITERAL2>
			<LITERAL2>{NumpadUp}</LITERAL2>
			<LITERAL2>NumpadDown</LITERAL2>
			<LITERAL2>{NumpadDown}</LITERAL2>
			<LITERAL2>NumpadLeft</LITERAL2>
			<LITERAL2>{NumpadLeft}</LITERAL2>
			<LITERAL2>NumpadRight</LITERAL2>
			<LITERAL2>{NumpadRight}</LITERAL2>
			<LITERAL2>NumpadHome</LITERAL2>
			<LITERAL2>{NumpadHome}</LITERAL2>
			<LITERAL2>NumpadEnd</LITERAL2>
			<LITERAL2>{NumpadEnd}</LITERAL2>
			<LITERAL2>NumpadPgup</LITERAL2>
			<LITERAL2>{NumpadPgup}</LITERAL2>
			<LITERAL2>NumpadPgdn</LITERAL2>
			<LITERAL2>{NumpadPgdn}</LITERAL2>
			<LITERAL2>NumpadEnter</LITERAL2>
			<LITERAL2>{NumpadEnter}</LITERAL2>
			<LITERAL2>F1</LITERAL2>
			<LITERAL2>{F1}</LITERAL2>
			<LITERAL2>F2</LITERAL2>
			<LITERAL2>{F2}</LITERAL2>
			<LITERAL2>F3</LITERAL2>
			<LITERAL2>{F3}</LITERAL2>
			<LITERAL2>F4</LITERAL2>
			<LITERAL2>{F4}</LITERAL2>
			<LITERAL2>F5</LITERAL2>
			<LITERAL2>{F5}</LITERAL2>
			<LITERAL2>F6</LITERAL2>
			<LITERAL2>{F6}</LITERAL2>
			<LITERAL2>F7</LITERAL2>
			<LITERAL2>{F7}</LITERAL2>
			<LITERAL2>F8</LITERAL2>
			<LITERAL2>{F8}</LITERAL2>
			<LITERAL2>F9</LITERAL2>
			<LITERAL2>{F9}</LITERAL2>
			<LITERAL2>F10</LITERAL2>
			<LITERAL2>{F10}</LITERAL2>
			<LITERAL2>F11</LITERAL2>
			<LITERAL2>{F11}</LITERAL2>
			<LITERAL2>F12</LITERAL2>
			<LITERAL2>{F12}</LITERAL2>
			<LITERAL2>F13</LITERAL2>
			<LITERAL2>{F13}</LITERAL2>
			<LITERAL2>F14</LITERAL2>
			<LITERAL2>{F14}</LITERAL2>
			<LITERAL2>F15</LITERAL2>
			<LITERAL2>{F15}</LITERAL2>
			<LITERAL2>F16</LITERAL2>
			<LITERAL2>{F16}</LITERAL2>
			<LITERAL2>F17</LITERAL2>
			<LITERAL2>{F17}</LITERAL2>
			<LITERAL2>F18</LITERAL2>
			<LITERAL2>{F18}</LITERAL2>
			<LITERAL2>F19</LITERAL2>
			<LITERAL2>{F19}</LITERAL2>
			<LITERAL2>F20</LITERAL2>
			<LITERAL2>{F20}</LITERAL2>
			<LITERAL2>F21</LITERAL2>
			<LITERAL2>{F21}</LITERAL2>
			<LITERAL2>F22</LITERAL2>
			<LITERAL2>{F22}</LITERAL2>
			<LITERAL2>F23</LITERAL2>
			<LITERAL2>{F23}</LITERAL2>
			<LITERAL2>F24</LITERAL2>
			<LITERAL2>{F24}</LITERAL2>
			<LITERAL2>Browser_Back</LITERAL2>
			<LITERAL2>{Browser_Back}</LITERAL2>
			<LITERAL2>Browser_Forward</LITERAL2>
			<LITERAL2>{Browser_Forward}</LITERAL2>
			<LITERAL2>Browser_Refresh</LITERAL2>
			<LITERAL2>{Browser_Refresh}</LITERAL2>
			<LITERAL2>Browser_Stop</LITERAL2>
			<LITERAL2>{Browser_Stop}</LITERAL2>
			<LITERAL2>Browser_Search</LITERAL2>
			<LITERAL2>{Browser_Search}</LITERAL2>
			<LITERAL2>Browser_Favorites</LITERAL2>
			<LITERAL2>{Browser_Favorites}</LITERAL2>
			<LITERAL2>Browser_Home</LITERAL2>
			<LITERAL2>{Browser_Home}</LITERAL2>
			<LITERAL2>Volume_Mute</LITERAL2>
			<LITERAL2>{Volume_Mute}</LITERAL2>
			<LITERAL2>Volume_Down</LITERAL2>
			<LITERAL2>{Volume_Down}</LITERAL2>
			<LITERAL2>Volume_Up</LITERAL2>
			<LITERAL2>{Volume_Up}</LITERAL2>
			<LITERAL2>Media_Next</LITERAL2>
			<LITERAL2>{Media_Next}</LITERAL2>
			<LITERAL2>Media_Prev</LITERAL2>
			<LITERAL2>{Media_Prev}</LITERAL2>
			<LITERAL2>Media_Stop</LITERAL2>
			<LITERAL2>{Media_Stop}</LITERAL2>
			<LITERAL2>Media_Play_Pause</LITERAL2>
			<LITERAL2>{Media_Play_Pause}</LITERAL2>
			<LITERAL2>Launch_Mail</LITERAL2>
			<LITERAL2>{Launch_Mail}</LITERAL2>
			<LITERAL2>Launch_Media</LITERAL2>
			<LITERAL2>{Launch_Media}</LITERAL2>
			<LITERAL2>Launch_App1</LITERAL2>
			<LITERAL2>{Launch_App1}</LITERAL2>
			<LITERAL2>Launch_App2</LITERAL2>
			<LITERAL2>{Launch_App2}</LITERAL2>

		</KEYWORDS>
	</RULES>
</MODE>
